{"cameraMode":{"drawMode":0,"name":"Shaded","section":"Shading Mode"},"sceneLighting":false,"audioPlay":false,"sceneViewState":{"m_AlwaysRefresh":false,"showFog":true,"showSkybox":false,"showFlares":true,"showImageEffects":true,"showParticleSystems":true,"showVisualEffectGraphs":true,"m_FxEnabled":false},"in2DMode":false,"pivot":{"x":-0.6589826941490173,"y":2.449208974838257,"z":0.4158309996128082},"rotation":{"x":-0.026364758610725404,"y":0.40265458822250368,"z":-0.011603926308453083,"w":-0.9149011969566345},"size":3.8134565353393556,"orthographic":false}